Position,Const,Created,Modified,Description,Title,URL,Title Type,IMDb Rating,Runtime (mins),Year,Genres,Num Votes,Release Date,Directors,Your Rating,Date Rated
1,tt0806165,2023-06-16,2023-06-16,,The Ramen Girl,https://www.imdb.com/title/tt0806165/,movie,6.3,102,2008,"Comedy, Drama, Romance",10649,2008-05-31,Robert Allan Ackerman,,
2,tt0088161,2023-06-16,2023-06-16,,Splash,https://www.imdb.com/title/tt0088161/,movie,6.3,111,1984,"Comedy, Fantasy, Romance",80482,1984-03-09,Ron Howard,,
3,tt0110099,2023-06-16,2023-06-16,,I.Q.,https://www.imdb.com/title/tt0110099/,movie,6.2,100,1994,"Comedy, Romance",26105,1994-12-25,Fred Schepisi,,
4,tt0101635,2023-06-20,2023-06-20,,Curly Sue,https://www.imdb.com/title/tt0101635/,movie,5.8,101,1991,"Comedy, Drama, Family, Romance",22563,1991-10-25,John Hughes,,
5,tt0035423,2023-06-20,2023-06-20,,Kate & Leopold,https://www.imdb.com/title/tt0035423/,movie,6.4,118,2001,"Comedy, Fantasy, Romance",87079,2001-12-11,James Mangold,,
6,tt0095687,2023-06-24,2023-06-24,,My Stepmother Is an Alien,https://www.imdb.com/title/tt0095687/,movie,5.4,105,1988,"Comedy, Sci-Fi",27168,1988-12-03,Richard Benjamin,,
7,tt0115580,2023-06-25,2023-06-25,,The Associate,https://www.imdb.com/title/tt0115580/,movie,6.1,114,1996,Comedy,8802,1996-10-25,Donald Petrie,,
8,tt0124298,2023-06-26,2023-06-26,,Blast from the Past,https://www.imdb.com/title/tt0124298/,movie,6.7,112,1999,"Comedy, Drama, Romance, Sci-Fi",69179,1999-01-27,Hugh Wilson,,
9,tt0113957,2023-06-26,2023-06-26,,The Net,https://www.imdb.com/title/tt0113957/,movie,6.0,114,1995,"Action, Crime, Drama, Mystery, Thriller",71170,1995-07-25,Irwin Winkler,,
10,tt1041829,2023-06-26,2023-06-26,,The Proposal,https://www.imdb.com/title/tt1041829/,movie,6.7,108,2009,"Comedy, Drama, Romance",340875,2009-06-01,Anne Fletcher,,
11,tt0212346,2023-06-26,2023-06-26,,Miss Congeniality,https://www.imdb.com/title/tt0212346/,movie,6.3,109,2000,"Action, Comedy, Crime, Romance",220000,2000-12-14,Donald Petrie,,
12,tt0385307,2023-06-26,2023-06-26,,Miss Congeniality 2: Armed & Fabulous,https://www.imdb.com/title/tt0385307/,movie,5.1,115,2005,"Action, Comedy, Crime",77941,2005-03-11,John Pasquin,,
13,tt0898266,2023-06-26,2023-06-26,,The Big Bang Theory,https://www.imdb.com/title/tt0898266/,tvSeries,8.2,22,2007,"Comedy, Romance",833315,2006-05-01,,,
14,tt0094737,2023-06-26,2023-06-26,,Big,https://www.imdb.com/title/tt0094737/,movie,7.3,104,1988,"Comedy, Drama, Fantasy, Romance",231036,1988-06-03,Penny Marshall,,
15,tt0128853,2023-06-26,2023-06-26,,You've Got Mail,https://www.imdb.com/title/tt0128853/,movie,6.7,119,1998,"Comedy, Drama, Romance",221736,1998-12-18,Nora Ephron,,
16,tt0362227,2023-06-26,2023-06-26,,The Terminal,https://www.imdb.com/title/tt0362227/,movie,7.4,128,2004,"Comedy, Drama, Romance",474471,2004-06-09,Steven Spielberg,,
17,tt0107614,2023-06-26,2023-06-26,,Mrs. Doubtfire,https://www.imdb.com/title/tt0107614/,movie,7.1,125,1993,"Comedy, Drama",278103,1993-11-22,Chris Columbus,,
18,tt0109830,2023-06-26,2023-06-26,,Forrest Gump,https://www.imdb.com/title/tt0109830/,movie,8.8,142,1994,"Drama, Romance",2149082,1994-06-23,Robert Zemeckis,,
19,tt0878804,2023-06-26,2023-06-26,,The Blind Side,https://www.imdb.com/title/tt0878804/,movie,7.6,129,2009,"Biography, Drama, Sport",346569,2009-11-17,John Lee Hancock,,
20,tt0100405,2023-06-26,2023-06-26,,Pretty Woman,https://www.imdb.com/title/tt0100405/,movie,7.1,119,1990,"Comedy, Romance",339324,1990-03-23,Garry Marshall,,
21,tt0207201,2023-06-26,2023-06-26,,What Women Want,https://www.imdb.com/title/tt0207201/,movie,6.4,127,2000,"Comedy, Fantasy, Romance",214819,2000-12-13,Nancy Meyers,,
22,tt0111257,2023-06-26,2023-06-26,,Speed,https://www.imdb.com/title/tt0111257/,movie,7.3,116,1994,"Action, Adventure, Thriller",378569,1994-06-07,Jan de Bont,,
23,tt0093693,2023-06-26,2023-06-26,,Overboard,https://www.imdb.com/title/tt0093693/,movie,6.9,112,1987,"Comedy, Romance",64134,1987-12-16,Garry Marshall,,
24,tt10986410,2023-06-26,2023-06-26,,Ted Lasso,https://www.imdb.com/title/tt10986410/,tvSeries,8.8,30,2020,"Comedy, Drama, Sport",289965,2020-08-14,,,
25,tt6226232,2023-06-26,2023-06-26,,Young Sheldon,https://www.imdb.com/title/tt6226232/,tvSeries,7.6,30,2017,Comedy,76317,2017-09-25,,,
26,tt0108778,2023-06-26,2023-06-26,,Friends,https://www.imdb.com/title/tt0108778/,tvSeries,8.9,22,1994,"Comedy, Romance",1033157,1994-09-22,,,
27,tt0460627,2023-06-26,2023-06-26,,Bones,https://www.imdb.com/title/tt0460627/,tvSeries,7.8,40,2005,"Crime, Drama, Mystery",167819,2005-09-13,,,
28,tt2861424,2023-06-26,2023-06-26,,Rick and Morty,https://www.imdb.com/title/tt2861424/,tvSeries,9.1,23,2013,"Animation, Adventure, Comedy, Sci-Fi",557692,2013-12-02,,,
29,tt3107288,2023-06-26,2023-06-26,,The Flash,https://www.imdb.com/title/tt3107288/,tvSeries,7.5,43,2014,"Action, Adventure, Drama, Sci-Fi",360395,2014-10-07,,,
30,tt0386676,2023-06-26,2023-06-26,,The Office,https://www.imdb.com/title/tt0386676/,tvSeries,9.0,22,2005,Comedy,650317,2005-03-24,,,
31,tt0412142,2023-06-26,2023-06-26,,House M.D.,https://www.imdb.com/title/tt0412142/,tvSeries,8.7,44,2004,"Drama, Mystery",483247,2004-11-15,,,
32,tt0121955,2023-06-26,2023-06-26,,South Park,https://www.imdb.com/title/tt0121955/,tvSeries,8.7,22,1997,"Animation, Comedy",390713,1997-08-13,,,
33,tt0096697,2023-06-26,2023-06-26,,The Simpsons,https://www.imdb.com/title/tt0096697/,tvSeries,8.7,22,1989,"Animation, Comedy",420062,1989-12-17,,,
34,tt1475582,2023-06-26,2023-06-26,,Sherlock,https://www.imdb.com/title/tt1475582/,tvSeries,9.1,88,2010,"Crime, Drama, Mystery, Thriller",956313,2010-07-22,,,
35,tt0182576,2023-06-26,2023-06-26,,Family Guy,https://www.imdb.com/title/tt0182576/,tvSeries,8.2,22,1999,"Animation, Comedy",352217,1999-01-31,,,
36,tt0397306,2023-06-26,2023-06-26,,American Dad!,https://www.imdb.com/title/tt0397306/,tvSeries,7.4,22,2005,"Animation, Comedy",131915,2005-02-06,,,
37,tt0369179,2023-06-26,2023-06-26,,Two and a Half Men,https://www.imdb.com/title/tt0369179/,tvSeries,7.1,22,2003,"Comedy, Romance",271711,2003-09-22,,,
38,tt5363918,2023-06-26,2023-06-26,,Disenchantment,https://www.imdb.com/title/tt5363918/,tvSeries,7.2,30,2018,"Animation, Action, Adventure, Comedy, Fantasy",66349,2018-08-17,,,
39,tt8910922,2023-06-26,2023-06-26,,Solar Opposites,https://www.imdb.com/title/tt8910922/,tvSeries,8.0,22,2020,"Animation, Adventure, Comedy, Sci-Fi",27146,2020-05-08,,,
40,tt1355644,2023-06-26,2023-06-26,,Passengers,https://www.imdb.com/title/tt1355644/,movie,7.0,116,2016,"Drama, Romance, Sci-Fi, Thriller",423946,2016-12-14,Morten Tyldum,,
41,tt0187078,2023-06-26,2023-06-26,,Gone in Sixty Seconds,https://www.imdb.com/title/tt0187078/,movie,6.5,118,2000,"Action, Crime, Thriller",287087,2000-06-05,Dominic Sena,,
42,tt1431045,2023-06-26,2023-06-26,,Deadpool,https://www.imdb.com/title/tt1431045/,movie,8.0,108,2016,"Action, Comedy",1074564,2016-01-21,Tim Miller,,
43,tt0107290,2023-06-26,2023-06-26,,Jurassic Park,https://www.imdb.com/title/tt0107290/,movie,8.2,127,1993,"Action, Adventure, Sci-Fi, Thriller",1021115,1993-06-09,Steven Spielberg,,
44,tt0993846,2023-06-26,2023-06-26,,The Wolf of Wall Street,https://www.imdb.com/title/tt0993846/,movie,8.2,180,2013,"Biography, Comedy, Crime, Drama",1475087,2013-12-09,Martin Scorsese,,
45,tt0816692,2023-06-26,2023-06-26,,Interstellar,https://www.imdb.com/title/tt0816692/,movie,8.7,169,2014,"Adventure, Drama, Sci-Fi",1931848,2014-10-26,Christopher Nolan,,
46,tt0433035,2023-06-26,2023-06-26,,Real Steel,https://www.imdb.com/title/tt0433035/,movie,7.1,127,2011,"Action, Drama, Sci-Fi, Sport",342666,2011-09-06,Shawn Levy,,
47,tt1823672,2023-06-26,2023-06-26,,Chappie,https://www.imdb.com/title/tt1823672/,movie,6.8,120,2015,"Action, Crime, Drama, Sci-Fi, Thriller",260823,2015-03-04,Neill Blomkamp,,
48,tt0343818,2023-06-26,2023-06-26,,"I, Robot",https://www.imdb.com/title/tt0343818/,movie,7.1,115,2004,"Action, Mystery, Sci-Fi, Thriller",557024,2004-07-07,Alex Proyas,,
49,tt0448157,2023-06-26,2023-06-26,,Hancock,https://www.imdb.com/title/tt0448157/,movie,6.4,92,2008,"Action, Comedy, Drama, Fantasy",497050,2008-06-16,Peter Berg,,
50,tt1104001,2023-06-26,2023-06-26,,Tron,https://www.imdb.com/title/tt1104001/,movie,6.8,125,2010,"Action, Adventure, Sci-Fi",346672,2010-11-30,Joseph Kosinski,,
51,tt1677720,2023-06-26,2023-06-26,,Ready Player One,https://www.imdb.com/title/tt1677720/,movie,7.4,140,2018,"Action, Adventure, Sci-Fi",457905,2018-03-11,Steven Spielberg,,
52,tt0437086,2023-06-26,2023-06-26,,Alita: Battle Angel,https://www.imdb.com/title/tt0437086/,movie,7.3,122,2019,"Action, Adventure, Sci-Fi, Thriller",280717,2019-01-31,Robert Rodriguez,,
53,tt1631867,2023-06-26,2023-06-26,,Edge of Tomorrow,https://www.imdb.com/title/tt1631867/,movie,7.9,113,2014,"Action, Adventure, Sci-Fi",703125,2014-05-28,Doug Liman,,
54,tt1670345,2023-06-26,2023-06-26,,Now You See Me,https://www.imdb.com/title/tt1670345/,movie,7.2,115,2013,"Crime, Mystery, Thriller",681744,2013-05-21,Louis Leterrier,,
55,tt1136608,2023-06-26,2023-06-26,,District 9,https://www.imdb.com/title/tt1136608/,movie,7.9,112,2009,"Action, Sci-Fi, Thriller",697362,2009-08-13,Neill Blomkamp,,
56,tt3659388,2023-06-26,2023-06-26,,The Martian,https://www.imdb.com/title/tt3659388/,movie,8.0,144,2015,"Adventure, Drama, Sci-Fi",883804,2015-09-11,Ridley Scott,,
57,tt2543164,2023-06-26,2023-06-26,,Arrival,https://www.imdb.com/title/tt2543164/,movie,7.9,116,2016,"Drama, Mystery, Sci-Fi",724416,2016-09-01,Denis Villeneuve,,
58,tt0454876,2023-06-26,2023-06-26,,Life of Pi,https://www.imdb.com/title/tt0454876/,movie,7.9,127,2012,"Adventure, Drama, Fantasy",647751,2012-09-28,Ang Lee,,
59,tt3890160,2023-06-26,2023-06-26,,Baby Driver,https://www.imdb.com/title/tt3890160/,movie,7.6,113,2017,"Action, Crime, Drama, Music",571706,2017-03-11,Edgar Wright,,
60,tt2802144,2023-06-26,2023-06-26,,Kingsman: The Secret Service,https://www.imdb.com/title/tt2802144/,movie,7.7,129,2014,"Action, Adventure, Comedy, Thriller",690516,2014-12-13,Matthew Vaughn,,
61,tt4649466,2023-06-26,2023-06-26,,Kingsman: The Golden Circle,https://www.imdb.com/title/tt4649466/,movie,6.7,141,2017,"Action, Adventure, Comedy, Crime, Thriller",345661,2017-09-20,Matthew Vaughn,,
62,tt1250777,2023-06-26,2023-06-26,,Kick-Ass,https://www.imdb.com/title/tt1250777/,movie,7.6,117,2010,"Action, Comedy, Crime",577339,2010-03-12,Matthew Vaughn,,
63,tt0988045,2023-06-26,2023-06-26,,Sherlock Holmes,https://www.imdb.com/title/tt0988045/,movie,7.6,128,2009,"Action, Adventure, Mystery",650509,2009-12-14,Guy Ritchie,,
64,tt3110958,2023-06-26,2023-06-26,,Now You See Me 2,https://www.imdb.com/title/tt3110958/,movie,6.4,129,2016,"Action, Adventure, Comedy, Crime, Mystery, Thriller",305341,2016-06-02,Jon M. Chu,,
65,tt0119654,2023-06-26,2023-06-26,,Men in Black,https://www.imdb.com/title/tt0119654/,movie,7.3,98,1997,"Action, Adventure, Comedy, Sci-Fi",587783,1997-06-25,Barry Sonnenfeld,,
66,tt0120912,2023-06-26,2023-06-26,,Men in Black II,https://www.imdb.com/title/tt0120912/,movie,6.2,88,2002,"Action, Adventure, Comedy, Mystery, Sci-Fi",388915,2002-07-03,Barry Sonnenfeld,,
67,tt0116629,2023-06-26,2023-06-26,,Independence Day,https://www.imdb.com/title/tt0116629/,movie,7.0,145,1996,"Action, Adventure, Sci-Fi",589236,1996-06-25,Roland Emmerich,,
68,tt0096874,2023-06-26,2023-06-26,,Back to the Future Part II,https://www.imdb.com/title/tt0096874/,movie,7.8,108,1989,"Adventure, Comedy, Sci-Fi",551522,1989-11-20,Robert Zemeckis,,
69,tt0099088,2023-06-26,2023-06-26,,Back to the Future Part III,https://www.imdb.com/title/tt0099088/,movie,7.4,118,1990,"Adventure, Comedy, Sci-Fi, Western",463382,1990-05-25,Robert Zemeckis,,
70,tt0088763,2023-06-26,2023-06-26,,Back to the Future,https://www.imdb.com/title/tt0088763/,movie,8.5,116,1985,"Adventure, Comedy, Sci-Fi",1247169,1985-07-03,Robert Zemeckis,,
71,tt0088247,2023-06-26,2023-06-26,,The Terminator,https://www.imdb.com/title/tt0088247/,movie,8.1,107,1984,"Action, Sci-Fi",890623,1984-10-26,James Cameron,,
72,tt0087332,2023-06-26,2023-06-26,,Ghostbusters,https://www.imdb.com/title/tt0087332/,movie,7.8,105,1984,"Action, Comedy, Fantasy, Sci-Fi",427782,1984-06-07,Ivan Reitman,,
73,tt0103064,2023-06-26,2023-06-26,,Terminator 2: Judgment Day,https://www.imdb.com/title/tt0103064/,movie,8.6,137,1991,"Action, Sci-Fi",1129479,1991-07-01,James Cameron,,
74,tt0095016,2023-06-26,2023-06-26,,Die Hard,https://www.imdb.com/title/tt0095016/,movie,8.2,132,1988,"Action, Thriller",905100,1988-07-12,John McTiernan,,
75,tt0078748,2023-06-26,2023-06-26,,Alien,https://www.imdb.com/title/tt0078748/,movie,8.5,117,1979,"Horror, Sci-Fi",908333,1979-05-25,Ridley Scott,,
76,tt0075148,2023-06-26,2023-06-26,,Rocky,https://www.imdb.com/title/tt0075148/,movie,8.1,120,1976,"Drama, Sport",602238,1976-11-20,John G. Avildsen,,
77,tt0090605,2023-06-26,2023-06-26,,Aliens,https://www.imdb.com/title/tt0090605/,movie,8.4,137,1986,"Action, Adventure, Sci-Fi, Thriller",736023,1986-07-14,James Cameron,,
78,tt0103644,2023-06-26,2023-06-26,,Alien³,https://www.imdb.com/title/tt0103644/,movie,6.4,114,1992,"Action, Horror, Sci-Fi",309015,1992-05-19,David Fincher,,
79,tt0118583,2023-06-26,2023-06-26,,Alien Resurrection,https://www.imdb.com/title/tt0118583/,movie,6.2,109,1997,"Action, Horror, Sci-Fi",255278,1997-11-06,Jean-Pierre Jeunet,,
80,tt0436992,2023-06-26,2023-06-26,,Doctor Who,https://www.imdb.com/title/tt0436992/,tvSeries,8.6,45,2005,"Adventure, Drama, Sci-Fi",232428,2005-03-26,,,
81,tt0313737,2023-06-26,2023-06-26,,Two Weeks Notice,https://www.imdb.com/title/tt0313737/,movie,6.1,101,2002,"Comedy, Romance",122323,2002-12-12,Marc Lawrence,,
82,tt0114924,2023-06-26,2023-06-26,,While You Were Sleeping,https://www.imdb.com/title/tt0114924/,movie,6.8,103,1995,"Comedy, Drama, Romance",108402,1995-04-09,Jon Turteltaub,,
83,tt0106179,2023-06-26,2023-06-26,,The X Files,https://www.imdb.com/title/tt0106179/,tvSeries,8.6,45,1993,"Crime, Drama, Mystery, Sci-Fi, Thriller",235862,1993-09-10,,,
84,tt0149460,2023-06-26,2023-06-26,,Futurama,https://www.imdb.com/title/tt0149460/,tvSeries,8.5,22,1999,"Animation, Adventure, Comedy, Sci-Fi",247716,1999-03-28,,10,2023-05-09
85,tt4955642,2023-06-26,2023-06-26,,The Good Place,https://www.imdb.com/title/tt4955642/,tvSeries,8.2,22,2016,"Comedy, Drama, Fantasy, Mystery, Romance",174288,2016-09-19,,,
86,tt0120382,2023-06-26,2023-06-26,,The Truman Show,https://www.imdb.com/title/tt0120382/,movie,8.2,103,1998,"Comedy, Drama",1125159,1998-06-01,Peter Weir,,
87,tt0264464,2023-06-26,2023-06-26,,Catch Me If You Can,https://www.imdb.com/title/tt0264464/,movie,8.1,141,2002,"Biography, Crime, Drama",1029521,2002-12-16,Steven Spielberg,,
88,tt0434409,2023-06-26,2023-06-26,,V for Vendetta,https://www.imdb.com/title/tt0434409/,movie,8.2,132,2005,"Action, Drama, Sci-Fi, Thriller",1144849,2005-12-11,James McTeigue,,
89,tt0110475,2023-06-26,2023-06-26,,The Mask,https://www.imdb.com/title/tt0110475/,movie,6.9,101,1994,"Action, Comedy, Crime, Fantasy",401491,1994-07-28,Chuck Russell,,
90,tt1068680,2023-06-26,2023-06-26,,Yes Man,https://www.imdb.com/title/tt1068680/,movie,6.8,104,2008,"Comedy, Romance",372737,2008-12-09,Peyton Reed,,
91,tt0315327,2023-06-26,2023-06-26,,Bruce Almighty,https://www.imdb.com/title/tt0315327/,movie,6.8,101,2003,"Comedy, Fantasy",417983,2003-05-14,Tom Shadyac,,
92,tt0133093,2023-06-26,2023-06-26,,The Matrix,https://www.imdb.com/title/tt0133093/,movie,8.7,136,1999,"Action, Sci-Fi",1968450,1999-03-24,"Lilly Wachowski, Lana Wachowski",,
93,tt0145487,2023-06-26,2023-06-26,,Spider-Man,https://www.imdb.com/title/tt0145487/,movie,7.4,121,2002,"Action, Adventure, Sci-Fi",844435,2002-04-30,Sam Raimi,,
94,tt2015381,2023-06-26,2023-06-26,,Guardians of the Galaxy,https://www.imdb.com/title/tt2015381/,movie,8.0,121,2014,"Action, Adventure, Comedy, Sci-Fi",1227671,2014-07-21,James Gunn,,
95,tt0107048,2023-06-26,2023-06-26,,Groundhog Day,https://www.imdb.com/title/tt0107048/,movie,8.0,101,1993,"Comedy, Drama, Fantasy, Romance",654505,1993-02-02,Harold Ramis,,
96,tt0371746,2023-06-26,2023-06-26,,Iron Man,https://www.imdb.com/title/tt0371746/,movie,7.9,126,2008,"Action, Adventure, Sci-Fi",1087690,2008-04-14,Jon Favreau,,
97,tt0499549,2023-06-26,2023-06-26,,Avatar,https://www.imdb.com/title/tt0499549/,movie,7.9,162,2009,"Action, Adventure, Fantasy, Sci-Fi",1351886,2009-12-10,James Cameron,,
98,tt0470752,2023-06-26,2023-06-26,,Ex Machina,https://www.imdb.com/title/tt0470752/,movie,7.7,108,2014,"Drama, Sci-Fi, Thriller",564534,2014-12-16,Alex Garland,,
99,tt1285016,2023-06-26,2023-06-26,,The Social Network,https://www.imdb.com/title/tt1285016/,movie,7.8,120,2010,"Biography, Drama",726884,2010-09-24,David Fincher,,
100,tt0119116,2023-06-26,2023-06-26,,The Fifth Element,https://www.imdb.com/title/tt0119116/,movie,7.6,126,1997,"Action, Adventure, Sci-Fi",488165,1997-05-07,Luc Besson,,
101,tt0120201,2023-06-26,2023-06-26,,Starship Troopers,https://www.imdb.com/title/tt0120201/,movie,7.3,129,1997,"Action, Adventure, Sci-Fi, Thriller",306848,1997-11-04,Paul Verhoeven,,
102,tt0118884,2023-06-26,2023-06-26,,Contact,https://www.imdb.com/title/tt0118884/,movie,7.5,150,1997,"Drama, Mystery, Sci-Fi, Thriller",283987,1997-07-11,Robert Zemeckis,,
103,tt0272152,2023-06-26,2023-06-26,,K-PAX,https://www.imdb.com/title/tt0272152/,movie,7.4,120,2001,"Drama, Mystery, Sci-Fi",188803,2001-10-22,Iain Softley,,
104,tt0238380,2023-06-26,2023-06-26,,Equilibrium,https://www.imdb.com/title/tt0238380/,movie,7.3,107,2002,"Action, Drama, Sci-Fi, Thriller",339428,2002-12-06,Kurt Wimmer,,
105,tt0093870,2023-06-26,2023-06-26,,RoboCop,https://www.imdb.com/title/tt0093870/,movie,7.6,102,1987,"Action, Crime, Sci-Fi, Thriller",269124,1987-07-17,Paul Verhoeven,,
106,tt0212720,2023-06-26,2023-06-26,,A.I. Artificial Intelligence,https://www.imdb.com/title/tt0212720/,movie,7.2,146,2001,"Drama, Sci-Fi",315662,2001-06-26,Steven Spielberg,,
107,tt0112864,2023-06-26,2023-06-26,,Die Hard with a Vengeance,https://www.imdb.com/title/tt0112864/,movie,7.6,128,1995,"Action, Adventure, Thriller",397266,1995-05-15,John McTiernan,,
108,tt0120616,2023-06-26,2023-06-26,,The Mummy,https://www.imdb.com/title/tt0120616/,movie,7.1,124,1999,"Action, Adventure, Fantasy",445710,1999-04-16,Stephen Sommers,,
109,tt0110413,2023-06-26,2023-06-26,,Léon,https://www.imdb.com/title/tt0110413/,movie,8.5,110,1994,"Action, Crime, Drama, Thriller",1195693,1994-09-14,Luc Besson,,
110,tt1675434,2023-06-26,2023-06-26,,Intouchables,https://www.imdb.com/title/tt1675434/,movie,8.5,112,2011,"Biography, Comedy, Drama",886299,2011-09-23,"Olivier Nakache, Éric Toledano",,
111,tt0234215,2023-06-26,2023-06-26,,The Matrix Reloaded,https://www.imdb.com/title/tt0234215/,movie,7.2,138,2003,"Action, Sci-Fi",610992,2003-05-07,"Lilly Wachowski, Lana Wachowski",,
112,tt0112573,2023-06-26,2023-06-26,,Braveheart,https://www.imdb.com/title/tt0112573/,movie,8.3,178,1995,"Biography, Drama, History, War",1059561,1995-05-18,Mel Gibson,,
113,tt0242653,2023-06-26,2023-06-26,,The Matrix Revolutions,https://www.imdb.com/title/tt0242653/,movie,6.7,129,2003,"Action, Sci-Fi",527627,2003-10-16,"Lilly Wachowski, Lana Wachowski",,
114,tt0182789,2023-06-26,2023-06-26,,Bicentennial Man,https://www.imdb.com/title/tt0182789/,movie,6.9,132,1999,"Drama, Romance, Sci-Fi",121346,1999-12-13,Chris Columbus,,
115,tt0091949,2023-06-26,2023-06-26,,Short Circuit,https://www.imdb.com/title/tt0091949/,movie,6.6,98,1986,"Comedy, Family, Sci-Fi",64316,1986-05-09,John Badham,,
116,tt0418279,2023-06-26,2023-06-26,,Transformers,https://www.imdb.com/title/tt0418279/,movie,7.0,144,2007,"Action, Adventure, Sci-Fi",657410,2007-06-12,Michael Bay,,
117,tt4701182,2023-06-26,2023-06-26,,Bumblebee,https://www.imdb.com/title/tt4701182/,movie,6.7,114,2018,"Action, Adventure, Sci-Fi",178121,2018-12-03,Travis Knight,,
118,tt1409024,2023-06-26,2023-06-26,,Men in Black 3,https://www.imdb.com/title/tt1409024/,movie,6.8,106,2012,"Action, Adventure, Comedy, Sci-Fi",374804,2012-05-14,Barry Sonnenfeld,,
119,tt6710474,2023-06-26,2023-06-26,,Everything Everywhere All at Once,https://www.imdb.com/title/tt6710474/,movie,7.8,139,2022,"Action, Adventure, Comedy, Fantasy, Sci-Fi",460788,2022-03-11,"Daniel Kwan, Daniel Scheinert",,
120,tt0305711,2023-06-27,2023-06-27,,Just Married,https://www.imdb.com/title/tt0305711/,movie,5.5,95,2003,"Comedy, Romance",72793,2003-01-08,Shawn Levy,,
121,tt1142988,2023-06-27,2023-06-27,,The Ugly Truth,https://www.imdb.com/title/tt1142988/,movie,6.4,96,2009,"Comedy, Romance",224946,2009-07-16,Robert Luketic,,
122,tt0343660,2023-06-27,2023-06-27,,50 First Dates,https://www.imdb.com/title/tt0343660/,movie,6.8,99,2004,"Comedy, Drama, Romance",368071,2004-02-03,Peter Segal,,
123,tt0337563,2023-06-27,2023-06-27,,13 Going on 30,https://www.imdb.com/title/tt0337563/,movie,6.3,98,2004,"Comedy, Fantasy, Romance",203446,2004-04-14,Gary Winick,,
124,tt0087538,2023-06-27,2023-06-27,,The Karate Kid,https://www.imdb.com/title/tt0087538/,movie,7.3,126,1984,"Action, Drama, Family, Sport",234524,1984-06-22,John G. Avildsen,,
125,tt0250494,2023-06-27,2023-06-27,,Legally Blonde,https://www.imdb.com/title/tt0250494/,movie,6.4,96,2001,"Comedy, Romance",231419,2001-06-26,Robert Luketic,,
126,tt0333780,2023-06-27,2023-06-27,,"Legally Blonde 2: Red, White & Blonde",https://www.imdb.com/title/tt0333780/,movie,4.8,95,2003,Comedy,70112,2003-06-30,Charles Herman-Wurmfeld,,
127,tt0974661,2023-06-27,2023-06-27,,17 Again,https://www.imdb.com/title/tt0974661/,movie,6.4,102,2009,"Comedy, Drama, Fantasy, Romance, Sport",208773,2009-03-11,Burr Steers,,
128,tt6339102,2023-06-27,2023-06-27,,We're the Millers: The Miller Makeovers,https://www.imdb.com/title/tt6339102/,short,7.1,4,2013,"Short, Comedy, Crime",25452,2013-08-15,,,
129,tt1564367,2023-06-27,2023-06-27,,Just Go with It,https://www.imdb.com/title/tt1564367/,movie,6.4,117,2011,"Comedy, Romance",254637,2011-02-08,Dennis Dugan,,
130,tt1723121,2023-06-27,2023-06-27,,We're the Millers,https://www.imdb.com/title/tt1723121/,movie,7.0,110,2013,"Comedy, Crime",468574,2013-08-03,Rawson Marshall Thurber,,
131,tt0116483,2023-06-27,2023-06-27,,Happy Gilmore,https://www.imdb.com/title/tt0116483/,movie,7.0,92,1996,"Comedy, Sport",236919,1996-02-07,Dennis Dugan,,
132,tt0396269,2023-06-27,2023-06-27,,Wedding Crashers,https://www.imdb.com/title/tt0396269/,movie,7.0,119,2005,"Comedy, Romance",366019,2005-07-13,David Dobkin,,
133,tt0478311,2023-06-27,2023-06-27,,Knocked Up,https://www.imdb.com/title/tt0478311/,movie,6.9,129,2007,"Comedy, Romance",377205,2007-03-12,Judd Apatow,,
134,tt0112508,2023-06-27,2023-06-27,,Billy Madison,https://www.imdb.com/title/tt0112508/,movie,6.3,89,1995,Comedy,150842,1995-02-10,Tamra Davis,,
135,tt0120484,2023-06-27,2023-06-27,,The Waterboy,https://www.imdb.com/title/tt0120484/,movie,6.1,90,1998,"Comedy, Sport",171597,1998-11-06,Frank Coraci,,
136,tt0185431,2023-06-27,2023-06-27,,Little Nicky,https://www.imdb.com/title/tt0185431/,movie,5.3,90,2000,"Comedy, Fantasy",109336,2000-11-02,Steven Brill,,
137,tt0389860,2023-06-27,2023-06-27,,Click,https://www.imdb.com/title/tt0389860/,movie,6.4,107,2006,"Comedy, Drama, Fantasy, Romance",343817,2006-06-14,Frank Coraci,,
138,tt2561572,2023-06-27,2023-06-27,,Get Hard,https://www.imdb.com/title/tt2561572/,movie,6.0,100,2015,"Comedy, Crime",142121,2015-03-16,Etan Cohen,,
139,tt0113492,2023-06-27,2023-06-27,,Judge Dredd,https://www.imdb.com/title/tt0113492/,movie,5.6,96,1995,"Action, Crime, Sci-Fi, Thriller",121703,1995-06-30,Danny Cannon,,
140,tt0110443,2023-06-27,2023-06-27,,Major Payne,https://www.imdb.com/title/tt0110443/,movie,6.2,95,1995,"Adventure, Comedy, Family",37483,1995-03-24,Nick Castle,,
141,tt0102719,2023-06-27,2023-06-27,,Problem Child 2,https://www.imdb.com/title/tt0102719/,movie,4.8,90,1991,"Comedy, Family",23110,1991-07-03,Brian Levant,,
142,tt0100419,2023-06-27,2023-06-27,,Problem Child,https://www.imdb.com/title/tt0100419/,movie,5.4,81,1990,"Comedy, Family",32047,1990-07-26,Dennis Dugan,,
143,tt1270797,2023-06-27,2023-06-27,,Venom,https://www.imdb.com/title/tt1270797/,movie,6.6,112,2018,"Action, Adventure, Sci-Fi",510116,2018-10-01,Ruben Fleischer,,
144,tt2911666,2023-06-27,2023-06-27,,John Wick,https://www.imdb.com/title/tt2911666/,movie,7.4,101,2014,"Action, Crime, Thriller",703572,2014-09-19,"David Leitch, Chad Stahelski",,
145,tt8706598,2023-06-27,2023-06-27,,The Hitman's Bodyguard: The Hitman vs. The Bodyguard,https://www.imdb.com/title/tt8706598/,video,6.9,5,2017,"Short, Action, Comedy, Crime, Thriller",25165,2017-11-21,,,
146,tt0099785,2023-06-27,2023-06-27,,Home Alone,https://www.imdb.com/title/tt0099785/,movie,7.7,103,1990,"Comedy, Family",606891,1990-11-10,Chris Columbus,,
147,tt0104431,2023-06-27,2023-06-27,,Home Alone 2: Lost in New York,https://www.imdb.com/title/tt0104431/,movie,6.8,120,1992,"Adventure, Comedy, Crime, Family",376696,1992-11-15,Chris Columbus,,
148,tt0119303,2023-06-27,2023-06-27,,Home Alone 3,https://www.imdb.com/title/tt0119303/,movie,4.6,102,1997,"Action, Comedy, Crime, Family",121722,1997-12-10,Raja Gosnell,,
149,tt0319343,2023-06-27,2023-06-27,,Elf,https://www.imdb.com/title/tt0319343/,movie,7.1,97,2003,"Adventure, Comedy, Family, Fantasy, Romance",287756,2003-10-09,Jon Favreau,,
150,tt1155076,2023-06-27,2023-06-27,,The Karate Kid,https://www.imdb.com/title/tt1155076/,movie,6.2,140,2010,"Action, Drama, Family, Sport",194869,2010-06-07,Harald Zwart,,
151,tt1950186,2023-06-27,2023-06-27,,Ford v Ferrari,https://www.imdb.com/title/tt1950186/,movie,8.1,152,2019,"Action, Biography, Drama, Sport",424647,2019-08-30,James Mangold,,
152,tt1375666,2023-06-27,2023-06-27,,Inception,https://www.imdb.com/title/tt1375666/,movie,8.8,148,2010,"Action, Adventure, Sci-Fi, Thriller",2427970,2010-07-08,Christopher Nolan,,
153,tt0129290,2023-06-27,2023-06-27,,Patch Adams,https://www.imdb.com/title/tt0129290/,movie,6.8,115,1998,"Biography, Comedy, Drama, Romance",118590,1998-10-21,Tom Shadyac,,
154,tt0116669,2023-06-27,2023-06-27,,Jack,https://www.imdb.com/title/tt0116669/,movie,5.8,113,1996,"Comedy, Drama, Fantasy",62343,1996-07-30,Francis Ford Coppola,,
155,tt0109040,2023-06-27,2023-06-27,,Ace Ventura: Pet Detective,https://www.imdb.com/title/tt0109040/,movie,6.9,86,1994,Comedy,313588,1994-02-04,Tom Shadyac,,
156,tt0910970,2023-06-27,2023-06-27,,WALL·E,https://www.imdb.com/title/tt0910970/,movie,8.4,98,2008,"Animation, Adventure, Family, Sci-Fi",1150105,2008-06-21,Andrew Stanton,,
157,tt0382932,2023-06-27,2023-06-27,,Ratatouille,https://www.imdb.com/title/tt0382932/,movie,8.1,111,2007,"Animation, Adventure, Comedy, Family, Fantasy",773437,2007-06-22,"Brad Bird, Jan Pinkava",,
158,tt2948372,2023-06-27,2023-06-27,,Soul,https://www.imdb.com/title/tt2948372/,movie,8.0,100,2020,"Animation, Adventure, Comedy, Drama, Family, Fantasy, Music",349425,2020-10-11,"Pete Docter, Kemp Powers",,
159,tt0198781,2023-06-27,2023-06-27,,"Monsters, Inc.",https://www.imdb.com/title/tt0198781/,movie,8.1,92,2001,"Animation, Adventure, Comedy, Family, Fantasy",937703,2001-10-28,"Pete Docter, David Silverman, Lee Unkrich",,
160,tt2234155,2023-06-27,2023-06-27,,The Internship,https://www.imdb.com/title/tt2234155/,movie,6.3,119,2013,Comedy,210010,2013-05-29,Shawn Levy,,
161,tt0111070,2023-06-27,2023-06-27,,The Santa Clause,https://www.imdb.com/title/tt0111070/,movie,6.5,97,1994,"Comedy, Drama, Family, Fantasy",125385,1994-11-11,John Pasquin,,
162,tt0116705,2023-06-27,2023-06-27,,Jingle All the Way,https://www.imdb.com/title/tt0116705/,movie,5.7,89,1996,"Adventure, Comedy, Family",109629,1996-11-16,Brian Levant,,
163,tt0302640,2023-06-27,2023-06-27,,The Hot Chick,https://www.imdb.com/title/tt0302640/,movie,5.5,104,2002,"Comedy, Fantasy",99247,2002-12-02,Tom Brady,,
164,tt1488555,2023-06-27,2023-06-27,,The Change-Up,https://www.imdb.com/title/tt1488555/,movie,6.3,112,2011,"Comedy, Fantasy",189797,2011-08-01,David Dobkin,,
165,tt0322330,2023-06-27,2023-06-27,,Freaky Friday,https://www.imdb.com/title/tt0322330/,movie,6.3,97,2003,"Comedy, Family, Fantasy, Music, Romance",145761,2003-08-04,Mark Waters,,
166,tt6791096,2023-06-27,2023-06-27,,I Feel Pretty,https://www.imdb.com/title/tt6791096/,movie,5.6,110,2018,"Comedy, Romance",55662,2018-04-19,"Abby Kohn, Marc Silverstein",,
167,tt0482527,2023-06-27,2023-06-27,,It's a Boy Girl Thing,https://www.imdb.com/title/tt0482527/,movie,6.2,95,2006,"Comedy, Fantasy, Romance",42117,2006-12-18,Nick Hurran,,
168,tt0120783,2023-06-27,2023-06-27,,The Parent Trap,https://www.imdb.com/title/tt0120783/,movie,6.6,128,1998,"Adventure, Comedy, Drama, Family, Romance",146257,1998-07-20,Nancy Meyers,,
169,tt2463288,2023-06-27,2023-06-27,,Walk of Shame,https://www.imdb.com/title/tt2463288/,movie,6.0,95,2014,Comedy,55961,2014-05-01,Steven Brill,,
170,tt2387559,2023-06-27,2023-06-27,,Delivery Man,https://www.imdb.com/title/tt2387559/,movie,6.3,105,2013,"Comedy, Drama",81387,2013-11-03,Ken Scott,,
171,tt1086772,2023-06-27,2023-06-27,,Blended,https://www.imdb.com/title/tt1086772/,movie,6.5,117,2014,"Comedy, Romance",138483,2014-05-19,Frank Coraci,,
172,tt0175142,2023-06-27,2023-06-27,,Scary Movie,https://www.imdb.com/title/tt0175142/,movie,6.2,88,2000,Comedy,272786,2000-07-07,Keenen Ivory Wayans,,
173,tt6264654,2023-06-27,2023-06-27,,Free Guy,https://www.imdb.com/title/tt6264654/,movie,7.1,115,2021,"Action, Adventure, Comedy, Fantasy, Sci-Fi",394917,2021-08-10,Shawn Levy,,
174,tt0762107,2023-06-27,2023-06-27,,I Now Pronounce You Chuck & Larry,https://www.imdb.com/title/tt0762107/,movie,5.9,115,2007,"Comedy, Romance",151013,2007-07-12,Dennis Dugan,,
175,tt0398165,2023-06-27,2023-06-27,,The Longest Yard,https://www.imdb.com/title/tt0398165/,movie,6.4,113,2005,"Comedy, Crime, Sport",187544,2005-05-19,Peter Segal,,
176,tt1648179,2023-06-27,2023-06-27,,Here Comes the Boom,https://www.imdb.com/title/tt1648179/,movie,6.4,105,2012,"Action, Comedy, Sport",93671,2012-10-10,Frank Coraci,,
177,tt0393162,2023-06-27,2023-06-27,,Coach Carter,https://www.imdb.com/title/tt0393162/,movie,7.3,136,2005,"Biography, Drama, Sport",162519,2005-01-13,Thomas Carter,,
178,tt3316948,2023-06-27,2023-06-27,,American Ultra,https://www.imdb.com/title/tt3316948/,movie,6.1,96,2015,"Action, Comedy",94082,2015-08-18,Nima Nourizadeh,,
179,tt10223460,2023-06-27,2023-06-27,,Marry Me,https://www.imdb.com/title/tt10223460/,movie,6.1,112,2022,"Comedy, Music, Romance",36286,2022-02-09,Kat Coiro,,
180,tt0247638,2023-06-27,2023-06-27,,The Princess Diaries,https://www.imdb.com/title/tt0247638/,movie,6.4,115,2001,"Comedy, Family, Romance",154912,2001-07-29,Garry Marshall,,
181,tt0368933,2023-06-27,2023-06-27,,The Princess Diaries 2: Royal Engagement,https://www.imdb.com/title/tt0368933/,movie,5.8,113,2004,"Comedy, Family, Romance",85271,2004-08-07,Garry Marshall,,
182,tt0327679,2023-06-27,2023-06-27,,Ella Enchanted,https://www.imdb.com/title/tt0327679/,movie,6.3,96,2004,"Comedy, Family, Fantasy, Romance",71637,2004-04-09,Tommy O'Haver,,
183,tt0356470,2023-06-27,2023-06-27,,A Cinderella Story,https://www.imdb.com/title/tt0356470/,movie,5.9,95,2004,"Comedy, Family, Romance",91036,2004-07-10,Mark Rosman,,
184,tt0170016,2023-06-27,2023-06-27,,How the Grinch Stole Christmas,https://www.imdb.com/title/tt0170016/,movie,6.3,104,2000,"Comedy, Family, Fantasy",269526,2000-11-08,Ron Howard,,
185,tt0356910,2023-06-27,2023-06-27,,Mr. & Mrs. Smith,https://www.imdb.com/title/tt0356910/,movie,6.5,120,2005,"Action, Comedy, Crime, Thriller",514805,2005-06-07,Doug Liman,,
186,tt1587310,2023-06-27,2023-06-27,,Maleficent,https://www.imdb.com/title/tt1587310/,movie,6.9,97,2014,"Adventure, Family, Fantasy, Romance",387954,2014-05-28,Robert Stromberg,,
187,tt0112642,2023-06-27,2023-06-27,,Casper,https://www.imdb.com/title/tt0112642/,movie,6.1,100,1995,"Comedy, Family, Fantasy",139915,1995-05-26,Brad Silberling,,
188,tt2294629,2023-06-27,2023-06-27,,Frozen,https://www.imdb.com/title/tt2294629/,movie,7.4,102,2013,"Animation, Adventure, Comedy, Family, Fantasy, Musical",642281,2013-11-10,"Jennifer Lee, Chris Buck",,
189,tt0398286,2023-06-27,2023-06-27,,Tangled,https://www.imdb.com/title/tt0398286/,movie,7.7,100,2010,"Animation, Adventure, Comedy, Family, Fantasy, Musical, Romance",472216,2010-11-24,"Byron Howard, Nathan Greno",,
190,tt0268380,2023-06-27,2023-06-27,,Ice Age,https://www.imdb.com/title/tt0268380/,movie,7.5,81,2002,"Animation, Adventure, Comedy, Family",498734,2002-03-12,"Chris Wedge, Carlos Saldanha",,
191,tt0266543,2023-06-27,2023-06-27,,Finding Nemo,https://www.imdb.com/title/tt0266543/,movie,8.2,100,2003,"Animation, Adventure, Comedy, Family",1072115,2003-05-18,"Andrew Stanton, Lee Unkrich",,
192,tt0441773,2023-06-27,2023-06-27,,Kung Fu Panda,https://www.imdb.com/title/tt0441773/,movie,7.6,92,2008,"Animation, Action, Adventure, Comedy, Family, Fantasy",492153,2008-05-15,"John Stevenson, Mark Osborne",,
193,tt2277860,2023-06-27,2023-06-27,,Finding Dory,https://www.imdb.com/title/tt2277860/,movie,7.3,97,2016,"Animation, Adventure, Comedy, Family",288961,2016-06-08,"Andrew Stanton, Angus MacLane",,
194,tt0317219,2023-06-27,2023-06-27,,Cars,https://www.imdb.com/title/tt0317219/,movie,7.2,117,2006,"Animation, Adventure, Comedy, Family, Sport",442614,2006-03-14,"John Lasseter, Joe Ranft",,
195,tt0146316,2023-06-27,2023-06-27,,Lara Croft: Tomb Raider,https://www.imdb.com/title/tt0146316/,movie,5.7,100,2001,"Action, Adventure, Fantasy, Thriller",214304,2001-06-11,Simon West,,
196,tt0113243,2023-06-27,2023-06-27,,Hackers,https://www.imdb.com/title/tt0113243/,movie,6.2,105,1995,"Crime, Drama, Romance, Thriller",72094,1995-09-15,Iain Softley,,
197,tt0218817,2023-06-27,2023-06-27,,Antitrust,https://www.imdb.com/title/tt0218817/,movie,6.1,108,2001,"Action, Crime, Drama, Thriller",29867,2001-01-10,Peter Howitt,,
198,tt0113481,2023-06-27,2023-06-27,,Johnny Mnemonic,https://www.imdb.com/title/tt0113481/,movie,5.6,103,1995,"Action, Drama, Sci-Fi, Thriller",74258,1995-04-15,Robert Longo,,
199,tt0086567,2023-06-27,2023-06-27,,WarGames,https://www.imdb.com/title/tt0086567/,movie,7.1,114,1983,"Action, Drama, Sci-Fi, Thriller",105044,1983-05-19,John Badham,,
200,tt0462538,2023-06-27,2023-06-27,,The Simpsons Movie,https://www.imdb.com/title/tt0462538/,movie,7.3,87,2007,"Animation, Adventure, Comedy",340000,2007-07-21,David Silverman,,
201,tt0232500,2023-06-27,2023-06-27,,The Fast and the Furious,https://www.imdb.com/title/tt0232500/,movie,6.8,106,2001,"Action, Crime, Thriller",403664,2001-06-18,Rob Cohen,,
202,tt0109686,2023-06-27,2023-06-27,,Dumb and Dumber,https://www.imdb.com/title/tt0109686/,movie,7.3,107,1994,Comedy,397907,1994-12-06,"Bobby Farrelly, Peter Farrelly",,
203,tt0332379,2023-06-27,2023-06-27,,School of Rock,https://www.imdb.com/title/tt0332379/,movie,7.2,109,2003,"Comedy, Music",317871,2003-09-09,Richard Linklater,,
204,tt7401588,2023-06-27,2023-06-27,,Instant Family,https://www.imdb.com/title/tt7401588/,movie,7.3,118,2018,"Comedy, Drama",113073,2018-11-11,Sean Anders,,
205,tt4481414,2023-06-27,2023-06-27,,Gifted,https://www.imdb.com/title/tt4481414/,movie,7.6,101,2017,Drama,123900,2017-04-07,Marc Webb,,
206,tt6513120,2023-06-27,2023-06-27,,Fighting with My Family,https://www.imdb.com/title/tt6513120/,movie,7.1,108,2019,"Biography, Comedy, Drama, Sport",84853,2019-01-28,Stephen Merchant,,
207,tt1187043,2023-06-27,2023-06-27,,3 Idiots,https://www.imdb.com/title/tt1187043/,movie,8.4,170,2009,"Comedy, Drama",413107,2009-11-09,Rajkumar Hirani,,
208,tt7178640,2023-06-27,2023-06-27,,Superintelligence,https://www.imdb.com/title/tt7178640/,movie,5.4,106,2020,"Action, Comedy, Romance, Sci-Fi",11849,2020-11-26,Ben Falcone,,
209,tt2404463,2023-06-27,2023-06-27,,The Heat,https://www.imdb.com/title/tt2404463/,movie,6.6,117,2013,"Action, Comedy, Crime",177428,2013-06-23,Paul Feig,,
210,tt2096673,2023-06-27,2023-06-27,,Inside Out,https://www.imdb.com/title/tt2096673/,movie,8.1,95,2015,"Animation, Adventure, Comedy, Drama, Family, Fantasy",742397,2015-05-18,"Pete Docter, Ronnie Del Carmen",,
211,tt2380307,2023-06-27,2023-06-27,,Coco,https://www.imdb.com/title/tt2380307/,movie,8.4,105,2017,"Animation, Adventure, Drama, Family, Fantasy, Music, Mystery",541226,2017-10-20,"Adrian Molina, Lee Unkrich",,
212,tt8097030,2023-06-27,2023-06-27,,Turning Red,https://www.imdb.com/title/tt8097030/,movie,7.0,100,2022,"Animation, Adventure, Comedy, Family, Fantasy",136680,2022-03-01,Domee Shi,,
213,tt3521164,2023-06-28,2023-06-28,,Moana,https://www.imdb.com/title/tt3521164/,movie,7.6,107,2016,"Animation, Adventure, Comedy, Family, Fantasy, Musical",354826,2016-11-14,"Don Hall, Ron Clements, Chris Williams, John Musker",,
214,tt0473389,2023-06-28,2023-06-28,,The Ron Clark Story,https://www.imdb.com/title/tt0473389/,tvMovie,7.5,90,2006,"Biography, Drama",11013,2006-01-22,Randa Haines,,
215,tt1217209,2023-06-28,2023-06-28,,Brave,https://www.imdb.com/title/tt1217209/,movie,7.1,93,2012,"Animation, Adventure, Comedy, Family, Fantasy, Mystery",425917,2012-06-10,"Steve Purcell, Mark Andrews, Brenda Chapman",,
216,tt1284575,2023-06-28,2023-06-28,,Bad Teacher,https://www.imdb.com/title/tt1284575/,movie,5.6,92,2011,"Comedy, Romance",208060,2011-06-17,Jake Kasdan,,
217,tt1956620,2023-06-28,2023-06-28,,Sex Tape,https://www.imdb.com/title/tt1956620/,movie,5.1,94,2014,"Comedy, Romance",115332,2014-07-16,Jake Kasdan,,
218,tt1033643,2023-06-28,2023-06-28,,What Happens in Vegas,https://www.imdb.com/title/tt1033643/,movie,6.1,99,2008,"Comedy, Romance",182295,2008-04-22,Tom Vaughan,,
219,tt2097298,2023-06-28,2023-06-28,,"McFarland, USA",https://www.imdb.com/title/tt2097298/,movie,7.4,129,2015,"Biography, Drama, Sport",40565,2015-02-09,Niki Caro,,
220,tt1292594,2023-06-28,2023-06-28,,Front of the Class,https://www.imdb.com/title/tt1292594/,tvMovie,8.1,95,2008,"Biography, Drama",8157,2008-12-07,Peter Werner,,
221,tt0425123,2023-06-29,2023-06-29,,Just Like Heaven,https://www.imdb.com/title/tt0425123/,movie,6.7,95,2005,"Comedy, Drama, Fantasy, Romance",114495,2005-09-16,Mark Waters,,
222,tt9866072,2023-06-29,2023-06-29,,Holidate,https://www.imdb.com/title/tt9866072/,movie,6.1,104,2020,"Comedy, Romance",72347,2020-10-28,John Whitesell,,
223,tt1231287,2023-06-29,2023-06-29,,Labor Pains,https://www.imdb.com/title/tt1231287/,movie,4.8,90,2009,"Comedy, Romance",11733,2009-06-19,Lara Shapiro,,
224,tt14715170,2023-06-29,2023-06-29,,Falling for Christmas,https://www.imdb.com/title/tt14715170/,movie,5.2,93,2022,"Comedy, Romance",25114,2022-11-10,Janeen Damian,,
225,tt0454945,2023-06-30,2023-06-30,,She's the Man,https://www.imdb.com/title/tt0454945/,movie,6.3,105,2006,"Comedy, Romance, Sport",167510,2006-03-08,Andy Fickman,,
226,tt2203939,2023-06-30,2023-06-30,,The Other Woman,https://www.imdb.com/title/tt2203939/,movie,6.0,109,2014,"Comedy, Romance",145579,2014-04-01,Nick Cassavetes,,
227,tt0097428,2023-07-01,2023-07-01,,Ghostbusters II,https://www.imdb.com/title/tt0097428/,movie,6.6,108,1989,"Action, Comedy, Fantasy, Sci-Fi",214668,1989-06-15,Ivan Reitman,,
228,tt1289401,2023-07-01,2023-07-01,,Ghostbusters,https://www.imdb.com/title/tt1289401/,movie,6.8,117,2016,"Action, Comedy, Fantasy, Sci-Fi",237854,2016-07-09,Paul Feig,,
229,tt0815244,2023-07-01,2023-07-01,,Sydney White,https://www.imdb.com/title/tt0815244/,movie,6.2,108,2007,"Comedy, Drama, Romance",49823,2007-09-21,Joe Nussbaum,,
230,tt0092099,2023-07-02,2023-07-02,,Top Gun,https://www.imdb.com/title/tt0092099/,movie,6.9,109,1986,"Action, Drama",477634,1986-05-12,Tony Scott,,
231,tt8718158,2023-07-03,2023-07-03,,The Hating Game,https://www.imdb.com/title/tt8718158/,movie,6.2,102,2021,"Comedy, Romance",21031,2021-12-03,Peter Hutchings,,
232,tt0111999,2023-07-04,2023-07-04,,Hercules: The Legendary Journeys,https://www.imdb.com/title/tt0111999/,tvSeries,6.5,44,1995,"Action, Adventure, Drama, Fantasy, Romance",30874,1995-01-16,,,
233,tt0112230,2023-07-04,2023-07-04,,Xena: Warrior Princess,https://www.imdb.com/title/tt0112230/,tvSeries,6.7,45,1995,"Action, Adventure, Drama, Fantasy",46847,1995-09-04,,,
234,tt0158552,2023-07-04,2023-07-04,,Charmed,https://www.imdb.com/title/tt0158552/,tvSeries,7.1,42,1998,"Drama, Fantasy, Mystery",87690,1998-10-07,,,
235,tt0118276,2023-07-04,2023-07-04,,Buffy the Vampire Slayer,https://www.imdb.com/title/tt0118276/,tvSeries,8.3,44,1997,"Action, Drama, Fantasy, Romance",153145,1997-03-07,,,
236,tt16419074,2023-07-05,2023-07-05,,Air,https://www.imdb.com/title/tt16419074/,movie,7.5,111,2023,"Drama, Sport",120817,2023-03-18,Ben Affleck,,
237,tt13923456,2023-07-05,2023-07-05,,Mafia Mamma,https://www.imdb.com/title/tt13923456/,movie,5.3,101,2023,"Action, Comedy, Crime",5231,2023-04-13,Catherine Hardwicke,,
238,tt1846442,2023-07-07,2023-07-07,,12 Dates of Christmas,https://www.imdb.com/title/tt1846442/,tvMovie,6.3,90,2011,"Comedy, Family, Fantasy, Romance",7485,2011-12-11,James Hayman,,
239,tt5097410,2023-07-08,2023-07-08,,Noelle,https://www.imdb.com/title/tt5097410/,movie,6.3,100,2019,"Adventure, Comedy, Family, Fantasy, Romance",24273,2019-11-08,Marc Lawrence,,
240,tt2085059,2023-07-09,2023-07-09,,Black Mirror,https://www.imdb.com/title/tt2085059/,tvSeries,8.7,60,2011,"Drama, Mystery, Sci-Fi, Thriller",595779,2011-12-04,,,
241,tt11286314,2023-07-09,2023-07-09,,Don't Look Up,https://www.imdb.com/title/tt11286314/,movie,7.2,138,2021,"Comedy, Drama, Sci-Fi",562191,2021-12-05,Adam McKay,,
242,tt11681250,2023-07-10,2023-07-10,,Godmothered,https://www.imdb.com/title/tt11681250/,movie,6.1,110,2020,"Comedy, Drama, Family, Fantasy",13228,2020-12-04,Sharon Maguire,,
